"","full_ecosystem_type_name","biogeographical_zone","B","D","E","C","A","tot_ext24","B18","D18","E18","C18","A18","tot_ext18","B11","C11","D11","E11","A11","tot_ext11","eoo_km2","prp18_cde","prp18_de","prp18_e","pes_decline1118","prp24_cde","prp24_de","prp24_e","pes_decline1824","type_area","nat1990","nat2014","nat2018","nat2022","prpnat1990","prpnat2014","prpnat2018","prpnat2022","ard9022","nat40_9022","prplost9040_9022","ard9018","nat40_9018","prplost9040_9018","features","declnba18","A2b_18","A3_18","B1aii_18","B3_18","D3_18","A2b_24","A3_24","B1aii_24","B3_24","D3_24","A3sa_18","A3sa_24","ETS18","ETS24","RLE18","RLE24","trigger18","trigger24"
"1","1 Cool Temperate - Arid Predominantly Closed","aCTemp",3107786.73386864,5965988.08009755,5328341.7539046,0,0,14402116.5678708,3107786.73386864,875679.437154388,10418650.3968478,0,0,14402116.5678708,3107786.73386864,875679.437154388,5328341.7539046,5090308.64294316,0,14402116.5678708,2761.22879105758,0.784213193996659,0.784213193996659,0.723411058905771,"decline1118",0.784213193996659,0.784213193996659,0.369969353379032,"nodecline1824",14400400,12877200,12827200,12386400,12265600,0.894225160412211,0.890753034637927,0.860142773811839,0.851754117941168,19112.5,11921575,0.0742106203211878,17528.5714285714,12000771.4285714,0.0680604922986807,6,"no","LC","LC","EN","LC","EN","LC","LC","LC","LC","EN","EN","EN","EN","EN","EN","EN","B1aii_18, D3_18","D3_24"
"2","1 Cool Temperate - Estuarine Lagoon","aCTemp",60068831.4211718,0,0,0,0,60068831.4211718,60068831.4211718,0,0,0,0,60068831.4211718,60068831.4211718,0,0,0,0,60068831.4211718,71.2887690925124,0,0,0,"nodecline1118",0,0,0,"nodecline1824",60071200,59625600,59599600,59533200,59522800,0.99258213586544,0.992149316144841,0.991043961166083,0.990870833277844,3212.5,59464975,0.00269389322707025,3300,59460600,0.00276726775076477,1,"yes","LC","LC","LC","VU","LC","LC","LC","LC","VU","LC","LC","LC","VU","VU","VU","VU","B3_18","B3_24"
"3","1 Cool Temperate - Estuarine Lake","aCTemp",0,0,26817236.4323961,44113530.7396032,0,70930767.1719994,0,22762674.8110337,4054561.62136238,44113530.7396032,0,70930767.1719994,0,44113530.7396032,22762674.8110337,4054561.62136238,0,70930767.1719994,10522.5680368189,1,0.37807622138595,0.0571622411968351,"nodecline1118",1,0.37807622138595,0.37807622138595,"nodecline1824",70921200,68022400,67492400,66871200,66722000,0.959126467121256,0.951653384319498,0.942894367269589,0.940790623960113,40637.5,65990525,0.0298706749541328,41114.2857142857,65966685.7142857,0.0302211372388255,4,"yes","LC","LC","LC","VU","VU","LC","LC","LC","VU","EN","LC","LC","EN","EN","VU","EN","B3_18, D3_18","D3_24"
"4","1 Cool Temperate - Large Fluvially Dominated","aCTemp",0,30190584.6029966,0,0,0,30190584.6029966,0,30190584.6029966,0,0,0,30190584.6029966,0,0,30190584.6029966,0,0,30190584.6029966,58.0689750369182,1,1,0,"decline1118",1,1,0,"decline1824",30199200,27718400,24856800,24431200,24252800,0.917852128533206,0.823094651513947,0.80900156295531,0.803094121698588,108300,22303400,0.19535759639806,117400,21848400,0.21177268529208,1,"yes","LC","LC","EN","VU","EN","LC","LC","CR","VU","EN","CR","CR","CR","CR","EN","CR","B1aii_18, D3_18","B1aii_24"
"5","1 Cool Temperate - Large Temporarily Closed","aCTemp",0,23092865.3590187,9304326.25794762,441928.478983781,0,32839120.0959501,0,23092865.3590187,9304326.25794762,441928.478983781,0,32839120.0959501,0,441928.478983781,10750606.2610641,21646585.3559023,0,32839120.0959501,7152.86139345221,1,0.986542621188006,0.283330559124667,"nodecline1118",1,0.986542621188006,0.283330559124667,"nodecline1824",32830800,21665600,20192800,18828000,18636000,0.65991690729437,0.615056593199069,0.573485873021675,0.567637706056508,94675,16931850,0.218491525736652,101342.857142857,16598457.1428571,0.233879645943009,9,"no","LC","LC","LC","LC","EN","LC","LC","LC","LC","EN","CR","CR","CR","CR","EN","EN","D3_18","D3_24"
"6","1 Cool Temperate - Predominantly Open","aCTemp",0,124811815.794555,0,27786396.4425456,0,152598212.237101,0,7477082.96370488,0,145121129.273396,0,152598212.237101,0,27786396.4425456,124811815.794555,0,0,152598212.237101,12126.0942810419,1,0.0489984964705044,0,"nodecline1118",1,0.817911389424588,0,"decline1824",152582000,116033200,109813200,105712000,105023600,0.760464537101362,0.719699571378013,0.692820909412644,0.688309237000433,344050,98830700,0.148254982194751,368614.285714286,97602485.7142857,0.15884000687488,3,"yes","LC","LC","LC","VU","VU","LC","LC","EN","VU","EN","LC","CR","EN","CR","VU","EN","B3_18, D3_18","B1aii_24, D3_24"
"7","1 Cool Temperate - Small Fluvially Dominated","aCTemp",39565.5144470274,0,0,0,0,39565.5144470274,39565.5144470274,0,0,0,0,39565.5144470274,39565.5144470274,0,0,0,0,39565.5144470274,0.0605569649086297,0,0,0,"nodecline1118",0,0,0,"nodecline1824",40000,40000,40000,32800,31200,1,1,0.82,0.78,275,26250,0.34375,257.142857142857,27142.8571428571,0.321428571428571,1,"no","VU","LC","LC","LC","LC","VU","LC","LC","LC","LC","LC","LC","LC","LC","VU","VU","A2b_18","A2b_24"
"8","1 Cool Temperate - Small Temporarily Closed","aCTemp",942171.469326055,2972361.42300284,41063.5518247746,0,1220807.23073008,5176403.67488375,942171.469326055,2972361.42300284,41063.5518247746,0,1220807.23073008,5176403.67488375,357847.710022386,3023439.50654564,0,348801.28484645,1446315.17346927,5176403.67488375,2474.69303426854,0.582146440674431,0.582146440674431,0.00793283414584099,"decline1118",0.582146440674431,0.582146440674431,0.00793283414584099,"nodecline1824",5180800,4017600,3965600,3873200,3853200,0.775478690549722,0.765441630636195,0.74760654725139,0.743746139592341,5137.5,3760725,0.0639374253285544,5157.14285714286,3759742.85714286,0.0641818854184445,8,"no","LC","LC","EN","LC","LC","LC","LC","LC","LC","EN","VU","VU","EN","EN","EN","EN","B1aii_18","D3_24"
"9","2 Warm Temperate - Estuarine Bay","bWTemp",30105647.1283708,0,0,0,0,30105647.1283708,30105647.1283708,0,0,0,0,30105647.1283708,30105647.1283708,0,0,0,0,30105647.1283708,51.2874577560309,0,0,0,"nodecline1118",0,0,0,"nodecline1824",30104800,22710400,21742800,21127200,21091600,0.754378039382424,0.722236985464112,0.701788419122532,0.700605883447158,50587.5,20181025,0.111375184937297,56542.8571428571,19883257.1428571,0.124486704643813,1,"yes","LC","LC","LC","VU","LC","LC","LC","LC","VU","LC","LC","LC","VU","VU","VU","VU","B3_18","B3_24"
"10","2 Warm Temperate - Estuarine Lake","bWTemp",21682393.4635039,0,0,121741176.045728,0,143423569.509232,21682393.4635039,0,0,121741176.045728,0,143423569.509232,33486705.1740757,0,109936864.335156,0,0,143423569.509232,3228.05790678784,0.848822661870034,0,0,"nodecline1118",0.848822661870034,0,0,"nodecline1824",143432800,90528000,87932400,84534000,84126000,0.631152707051665,0.613056427818463,0.589363102442398,0.586518564791317,200062.5,80524875,0.110497580858961,214071.428571429,79824428.5714286,0.118234926526284,3,"yes","LC","LC","LC","VU","LC","LC","LC","LC","VU","LC","LC","LC","VU","VU","VU","VU","B3_18","B3_24"
"11","2 Warm Temperate - Large Fluvially Dominated","bWTemp",0,0,0,5725821.12925239,0,5725821.12925239,0,0,0,5725821.12925239,0,5725821.12925239,0,5725821.12925239,0,0,0,5725821.12925239,32.858326942531,1,0,0,"nodecline1118",1,0,0,"nodecline1824",5728800,5685600,5684800,5664800,5663600,0.992459153749476,0.992319508448541,0.98882837592515,0.988618907973747,687.5,5651225,0.00604597579850851,742.857142857143,5648457.14285714,0.00653279462903779,1,"yes","LC","LC","LC","VU","VU","LC","LC","LC","VU","VU","LC","LC","VU","VU","VU","VU","B3_18, D3_18","B3_24, D3_24"
"12","2 Warm Temperate - Large Temporarily Closed","bWTemp",38206193.6915807,10339074.7925784,4434697.00450157,11515616.4982437,4764085.33522408,69259667.3221285,33737666.6760774,10339074.7925784,4434697.00450157,13568528.8430608,7179700.00591039,69259667.3221285,29115242.1795686,17179241.0131654,9465611.44874763,4434697.00450157,9064875.67614532,69259667.3221285,37350.5737955827,0.409217972536887,0.213309886811422,0.0640300073039001,"decline1118",0.379577166795374,0.213309886811422,0.0640300073039001,"nodecline1824",69300800,56726400,55441200,53750000,53558000,0.818553321173782,0.800008080714797,0.775604322028029,0.772833791240505,99012.5,51775775,0.0872719756585999,106300,51411400,0.0936953517233598,40,"no","LC","LC","VU","LC","LC","LC","LC","LC","LC","LC","LC","LC","LC","LC","VU","LC","B1aii_18","A2b_24, A3_24, B1aii_24, B3_24, D3_24"
"13","2 Warm Temperate - Predominantly Open","bWTemp",47766644.7320451,51319086.6435201,0,75924107.9882446,1682643.57543001,176692482.93924,87591405.0680337,37539834.9034548,0,45461696.655781,6099546.31197034,176692482.93924,51126094.957673,99879178.7224017,8930013.98987763,0,16757195.2692875,176692482.93924,52659.2126435925,0.469751345266781,0.212458584988948,0,"decline1118",0.720139264076789,0.290442953711661,0,"decline1824",176690000,137904400,132499600,128214800,127502800,0.78048786009395,0.749898692625502,0.725648310600487,0.721618654140019,325050,121651900,0.117853382488158,346057.142857143,120601542.857143,0.125469942531617,25,"no","LC","LC","LC","LC","LC","LC","LC","LC","LC","LC","LC","LC","LC","LC","LC","LC","A2b_18, A3_18, B1aii_18, B3_18, D3_18","A2b_24, A3_24, B1aii_24, B3_24, D3_24"
"14","2 Warm Temperate - Small Fluvially Dominated","bWTemp",310894.201548768,0,0,0,913464.097024482,1224358.29857325,0,0,0,0,1224358.29857325,1224358.29857325,613952.239153285,0,0,0,610406.059419966,1224358.29857325,105.975008696398,0,0,0,"nodecline1118",0,0,0,"nodecline1824",1220400,1220400,1220400,1166800,1159600,1,1,0.956079973779089,0.95018026876434,1900,1125400,0.0778433300557194,1914.28571428571,1124685.71428571,0.0784286182516271,6,"no","LC","LC","LC","LC","LC","LC","LC","LC","LC","LC","LC","LC","LC","LC","LC","LC","A2b_18, A3_18, B1aii_18, B3_18, D3_18","A2b_24, A3_24, B1aii_24, B3_24, D3_24"
"15","2 Warm Temperate - Small Temporarily Closed","bWTemp",8697580.44386423,221668.853043823,1258161.00747209,2974404.9623452,2950905.90750477,16102721.1742301,8323200.06174743,143034.097321361,1258161.00747209,1808107.40340916,4570218.60428008,16102721.1742301,8322501.66462283,1176980.51156612,1096466.04368478,1258161.00747209,4248611.94688431,16102721.1742301,40842.6864561514,0.199301874104272,0.0870160446568401,0.0781334405445448,"nodecline1118",0.276613795560804,0.091899365610587,0.0781334405445448,"nodecline1824",16115600,15132800,14914400,14726400,14685600,0.939015612201842,0.925463526024473,0.913797810816848,0.911266102410087,13975,14434050,0.0461745347853669,14514.2857142857,14407085.7142857,0.0479563785759599,48,"no","LC","LC","LC","LC","LC","LC","LC","LC","LC","LC","LC","LC","LC","LC","LC","LC","A2b_18, A3_18, B1aii_18, B3_18, D3_18","A2b_24, A3_24, B1aii_24, B3_24, D3_24"
"16","3 Subtropical - Estuarine Bay","cSubTrop",0,0,28152019.8774511,0,0,28152019.8774511,0,0,28152019.8774511,0,0,28152019.8774511,0,0,28152019.8774511,0,0,28152019.8774511,43.8168714654349,1,1,1,"decline1118",1,1,1,"decline1824",28152800,12832800,11692400,9242400,9005600,0.455826773891052,0.415319257764769,0.32829416612202,0.319882924611406,119600,6852800,0.465993391933171,128228.571428571,6421371.42857143,0.499612599855727,1,"yes","VU","VU","EN","VU","CR","VU","VU","CR","VU","CR","CR","CR","CR","CR","CR","CR","D3_18","B1aii_24, D3_24"
"17","3 Subtropical - Estuarine Lake","cSubTrop",0,736344820.013747,82407947.4473259,0,0,818752767.461073,0,799995547.509826,18757219.9512468,0,0,818752767.461073,0,56422665.7075839,762330101.753489,0,0,818752767.461073,3408.78850430388,1,1,0.0229095041833108,"decline1118",1,1,0.100650587970372,"decline1824",818748400,732224400,718928800,712713600,699422800,0.894321625544551,0.878082693047095,0.870491594243116,0.854258524352536,1025050,680971900,0.069995618829419,696814.285714286,697383685.714286,0.0475820175969474,4,"yes","LC","LC","EN","VU","EN","LC","LC","EN","VU","EN","CR","CR","CR","CR","EN","EN","B1aii_18, D3_18","B1aii_24, D3_24"
"18","3 Subtropical - Large Fluvially Dominated","cSubTrop",8426760.6920631,94533964.9988858,0,4697562.78887755,0,107658288.479826,13124323.4809407,94533964.9988858,0,0,0,107658288.479826,0,25734389.7736717,81923898.7061548,0,0,107658288.479826,12918.3411726763,0.878092772360951,0.878092772360951,0,"decline1118",0.92172678192221,0.878092772360951,0,"nodecline1824",107666000,72811200,58873600,57629600,57410800,0.676269202905281,0.546817008154849,0.535262757044935,0.533230546319172,481262.5,48748075,0.330486587228339,542200,45701200,0.372332827916584,5,"no","VU","LC","EN","LC","VU","VU","LC","LC","LC","EN","CR","CR","CR","CR","EN","EN","B1aii_18","D3_24"
"19","3 Subtropical - Large Temporarily Closed","cSubTrop",21461182.1360002,7138742.98274448,1396645.18110518,20515519.4561184,0,50512089.7559682,15210364.3451713,7641747.52727143,893640.636578232,19953132.4963272,6813204.75062011,50512089.7559682,16453428.6032809,20789078.718496,9401162.12282695,2349771.1455353,1518649.16582908,50512089.7559682,6359.6927652864,0.563994101170815,0.168977134089788,0.0176916187965208,"nodecline1118",0.575127811189708,0.168977134089788,0.0276497208460904,"nodecline1824",50510400,33839200,31142000,29972800,29832000,0.669945199404479,0.61654629541639,0.593398587221642,0.590611042478381,125225,27577950,0.185029492422989,138085.714285714,26934914.2857143,0.204032179078871,45,"no","LC","LC","LC","LC","LC","LC","LC","LC","LC","LC","LC","LC","LC","LC","LC","LC","A2b_18, A3_18, B1aii_18, B3_18, D3_18","A2b_24, A3_24, B1aii_24, B3_24, D3_24"
"20","3 Subtropical - Predominantly Open","cSubTrop",45393606.3570323,0,11079821.293802,20605713.964773,1420000.40107787,78499142.0166852,56134901.4579044,0,11079821.293802,8774949.09174974,2509470.17322895,78499142.0166852,52267738.133854,7347672.8625583,9491651.63905971,7044329.06061046,2347750.32060266,78499142.0166852,8874.897972741,0.252929775733493,0.141145762987409,0.141145762987409,"nodecline1118",0.40364180352239,0.141145762987409,0.141145762987409,"nodecline1824",78486000,49249200,45873600,44280000,44005600,0.627490253038758,0.584481308768443,0.564177050684198,0.560680885763066,163862.5,41056075,0.166360570323985,177471.428571429,40375628.5714286,0.180176965891252,16,"no","LC","LC","LC","LC","LC","LC","LC","LC","LC","LC","LC","LC","LC","LC","LC","LC","A2b_18, A3_18, B1aii_18, B3_18, D3_18","A2b_24, A3_24, B1aii_24, B3_24, D3_24"
"21","3 Subtropical - Small Temporarily Closed","cSubTrop",9811836.82377797,308543.073648622,2251581.201632,5332387.0715132,2779555.4939839,20483903.6645557,6376260.20233373,756436.058205227,1803688.2170754,5332387.0715132,6215132.11542814,20483903.6645557,6794270.32800927,5228337.19955993,610883.033838733,1251478.33168876,6598934.771459,20483903.6645557,6668.43667089558,0.385303088514843,0.124982245435499,0.0880539298862456,"decline1118",0.385303088514843,0.124982245435499,0.10991953674963,"nodecline1824",20492800,16405600,16175200,15820000,15782400,0.800554341036852,0.789311367895066,0.771978450968145,0.770143660212367,19475,15431850,0.0593547325303555,20914.2857142857,15359885.7142857,0.0637413008798389,60,"no","LC","LC","EN","LC","LC","LC","LC","LC","LC","LC","LC","LC","LC","LC","EN","LC","B1aii_18","A2b_24, A3_24, B1aii_24, B3_24, D3_24"
"22","4 Tropical - Estuarine Lake","dTropical",81662947.7243529,0,0,0,0,81662947.7243529,8293317.37771945,0,0,0,73369630.3466334,81662947.7243529,81662947.7243529,0,0,0,0,81662947.7243529,563.828687610187,0,0,0,"nodecline1118",0,0,0,"nodecline1824",81654800,80441600,79807200,79712400,79682800,0.985142330885631,0.977373038694602,0.976212053669839,0.975849552016538,23712.5,79255975,0.014738953476808,26042.8571428571,79139457.1428571,0.0161874310946432,2,"yes","LC","LC","LC","VU","LC","LC","LC","LC","VU","LC","LC","LC","VU","VU","VU","VU","B3_18","B3_24"
